date,time,temperature,sensor,room,board
01/12/16,00:00:00,5.325,5,1,3
01/12/16,00:30:00,5.293,5,1,3
01/12/16,01:00:00,3.549,5,1,3
01/12/16,01:30:00,5.161,5,1,3
01/12/16,02:00:00,6.917,5,1,3
01/12/16,02:30:00,4.936,5,1,3
01/12/16,03:00:00,4.290,5,1,3
01/12/16,03:30:00,4.806,5,1,3
01/12/16,04:00:00,3.903,5,1,3
01/12/16,04:30:00,3.678,5,1,3
01/12/16,05:00:00,3.935,5,1,3
01/12/16,05:30:00,3.838,5,1,3
01/12/16,06:00:00,3.967,5,1,3
01/12/16,06:30:00,4.643,5,1,3
01/12/16,07:00:00,5.032,5,1,3
01/12/16,07:30:00,5.257,5,1,3
01/12/16,08:00:00,5.256,5,1,3
01/12/16,08:30:00,5.417,5,1,3
01/12/16,09:00:00,5.513,5,1,3
01/12/16,09:30:00,5.481,5,1,3
01/12/16,10:00:00,5.515,5,1,3
01/12/16,10:30:00,31.740,5,1,3
01/12/16,11:00:00,6.453,5,1,3
01/12/16,11:30:00,6.130,5,1,3
01/12/16,12:00:00,6.872,5,1,3
01/12/16,12:30:00,5.556,5,1,3
01/12/16,13:00:00,7.420,5,1,3
01/12/16,13:30:00,9.462,5,1,3
01/12/16,14:00:00,6.451,5,1,3
01/12/16,14:30:00,6.709,5,1,3
01/12/16,15:00:00,9.967,5,1,3
01/12/16,15:30:00,4.904,5,1,3
01/12/16,16:00:00,4.483,5,1,3
01/12/16,16:30:00,4.258,5,1,3
01/12/16,17:00:00,4.321,5,1,3
01/12/16,17:30:00,4.484,5,1,3
01/12/16,18:00:00,4.484,5,1,3
01/12/16,18:30:00,4.771,5,1,3
01/12/16,19:00:00,4.773,5,1,3
01/12/16,19:30:00,4.323,5,1,3
01/12/16,20:00:00,3.869,5,1,3
01/12/16,20:30:00,3.902,5,1,3
01/12/16,21:00:00,3.807,5,1,3
01/12/16,21:30:00,3.871,5,1,3
01/12/16,22:00:00,3.936,5,1,3
01/12/16,22:30:00,3.581,5,1,3
01/12/16,23:00:00,3.516,5,1,3
01/12/16,23:30:00,3.550,5,1,3
02/12/16,00:00:00,2.081,5,1,3
02/12/16,00:30:00,3.615,5,1,3
02/12/16,01:00:00,5.341,5,1,3
02/12/16,01:30:00,3.514,5,1,3
02/12/16,02:00:00,3.385,5,1,3
02/12/16,02:30:00,3.677,5,1,3
02/12/16,03:00:00,3.096,5,1,3
02/12/16,03:30:00,3.289,5,1,3
02/12/16,04:00:00,3.225,5,1,3
02/12/16,04:30:00,3.322,5,1,3
02/12/16,05:00:00,3.354,5,1,3
02/12/16,05:30:00,3.193,5,1,3
02/12/16,06:00:00,3.322,5,1,3
02/12/16,06:30:00,3.938,5,1,3
02/12/16,07:00:00,4.613,5,1,3
02/12/16,07:30:00,4.547,5,1,3
02/12/16,08:00:00,4.483,5,1,3
02/12/16,08:30:00,4.806,5,1,3
02/12/16,09:00:00,5.258,5,1,3
02/12/16,09:30:00,4.581,5,1,3
02/12/16,10:00:00,4.805,5,1,3
02/12/16,10:30:00,5.352,5,1,3
02/12/16,11:00:00,3.439,5,1,3
02/12/16,11:30:00,4.904,5,1,3
02/12/16,12:00:00,5.065,5,1,3
02/12/16,12:30:00,8.099,5,1,3
02/12/16,13:00:00,5.547,5,1,3
02/12/16,13:30:00,5.484,5,1,3
02/12/16,14:00:00,5.193,5,1,3
02/12/16,14:30:00,5.031,5,1,3
02/12/16,15:00:00,4.646,5,1,3
02/12/16,15:30:00,4.678,5,1,3
02/12/16,16:00:00,4.837,5,1,3
02/12/16,16:30:00,4.676,5,1,3
02/12/16,17:00:00,4.063,5,1,3
02/12/16,17:30:00,4.419,5,1,3
02/12/16,18:00:00,4.419,5,1,3
02/12/16,18:30:00,4.160,5,1,3
02/12/16,19:00:00,3.615,5,1,3
02/12/16,19:30:00,4.387,5,1,3
02/12/16,20:00:00,3.742,5,1,3
02/12/16,20:30:00,3.646,5,1,3
02/12/16,21:00:00,3.742,5,1,3
02/12/16,21:30:00,3.709,5,1,3
02/12/16,22:00:00,3.482,5,1,3
02/12/16,22:30:00,1.649,5,1,3
02/12/16,23:00:00,3.449,5,1,3
02/12/16,23:30:00,3.353,5,1,3
03/12/16,00:00:00,5.302,5,1,3
03/12/16,00:30:00,3.289,5,1,3
03/12/16,01:00:00,3.451,5,1,3
03/12/16,01:30:00,3.355,5,1,3
03/12/16,02:00:00,3.321,5,1,3
03/12/16,02:30:00,3.289,5,1,3
03/12/16,03:00:00,3.257,5,1,3
03/12/16,03:30:00,3.417,5,1,3
03/12/16,04:00:00,2.872,5,1,3
03/12/16,04:30:00,3.614,5,1,3
03/12/16,05:00:00,4.550,5,1,3
03/12/16,05:30:00,4.584,5,1,3
03/12/16,06:00:00,4.646,5,1,3
03/12/16,06:30:00,5.194,5,1,3
03/12/16,07:00:00,5.258,5,1,3
03/12/16,07:30:00,5.615,5,1,3
03/12/16,08:00:00,5.356,5,1,3
03/12/16,08:30:00,5.518,5,1,3
03/12/16,09:00:00,5.194,5,1,3
03/12/16,09:30:00,5.969,5,1,3
03/12/16,10:00:00,3.908,5,1,3
03/12/16,10:30:00,5.678,5,1,3
03/12/16,11:00:00,5.934,5,1,3
03/12/16,11:30:00,7.454,5,1,3
03/12/16,12:00:00,6.130,5,1,3
03/12/16,12:30:00,6.387,5,1,3
03/12/16,13:00:00,6.839,5,1,3
03/12/16,13:30:00,6.452,5,1,3
03/12/16,14:00:00,6.228,5,1,3
03/12/16,14:30:00,6.807,5,1,3
03/12/16,15:00:00,6.000,5,1,3
03/12/16,15:30:00,6.162,5,1,3
03/12/16,16:00:00,5.774,5,1,3
03/12/16,16:30:00,5.647,5,1,3
03/12/16,17:00:00,5.903,5,1,3
03/12/16,17:30:00,5.452,5,1,3
03/12/16,18:00:00,5.356,5,1,3
03/12/16,18:30:00,5.356,5,1,3
03/12/16,19:00:00,5.260,5,1,3
03/12/16,19:30:00,5.292,5,1,3
03/12/16,20:00:00,5.517,5,1,3
03/12/16,20:30:00,4.837,5,1,3
03/12/16,21:00:00,4.871,5,1,3
03/12/16,21:30:00,3.190,5,1,3
03/12/16,22:00:00,4.711,5,1,3
03/12/16,22:30:00,4.580,5,1,3
03/12/16,23:00:00,6.271,5,1,3
03/12/16,23:30:00,4.579,5,1,3
04/12/16,00:00:00,4.321,5,1,3
04/12/16,00:30:00,4.223,5,1,3
04/12/16,01:00:00,4.449,5,1,3
04/12/16,01:30:00,4.159,5,1,3
04/12/16,02:00:00,3.934,5,1,3
04/12/16,02:30:00,4.062,5,1,3
04/12/16,03:00:00,4.032,5,1,3
04/12/16,03:30:00,4.095,5,1,3
04/12/16,04:00:00,4.323,5,1,3
04/12/16,04:30:00,3.679,5,1,3
04/12/16,05:00:00,3.550,5,1,3
04/12/16,05:30:00,3.903,5,1,3
04/12/16,06:00:00,3.936,5,1,3
04/12/16,06:30:00,4.386,5,1,3
04/12/16,07:00:00,3.997,5,1,3
04/12/16,07:30:00,4.063,5,1,3
04/12/16,08:00:00,7.222,5,1,3
04/12/16,08:30:00,9.482,5,1,3
04/12/16,09:00:00,7.489,5,1,3
04/12/16,09:30:00,5.031,5,1,3
04/12/16,10:00:00,5.258,5,1,3
04/12/16,10:30:00,7.954,5,1,3
04/12/16,11:00:00,10.193,5,1,3
04/12/16,11:30:00,9.516,5,1,3
04/12/16,12:00:00,8.485,5,1,3
04/12/16,12:30:00,11.515,5,1,3
04/12/16,13:00:00,16.255,5,1,3
04/12/16,13:30:00,17.447,5,1,3
04/12/16,14:00:00,15.834,5,1,3
04/12/16,14:30:00,11.578,5,1,3
04/12/16,15:00:00,6.775,5,1,3
04/12/16,15:30:00,6.517,5,1,3
04/12/16,16:00:00,9.933,5,1,3
04/12/16,16:30:00,8.451,5,1,3
04/12/16,17:00:00,9.162,5,1,3
04/12/16,17:30:00,8.098,5,1,3
04/12/16,18:00:00,8.098,5,1,3
04/12/16,18:30:00,9.966,5,1,3
04/12/16,19:00:00,9.257,5,1,3
04/12/16,19:30:00,8.967,5,1,3
04/12/16,20:00:00,8.130,5,1,3
04/12/16,20:30:00,7.098,5,1,3
04/12/16,21:00:00,8.162,5,1,3
04/12/16,21:30:00,8.934,5,1,3
04/12/16,22:00:00,9.821,5,1,3
04/12/16,22:30:00,9.771,5,1,3
04/12/16,23:00:00,9.968,5,1,3
04/12/16,23:30:00,8.034,5,1,3
05/12/16,00:00:00,13.513,5,1,3
05/12/16,00:30:00,15.301,5,1,3
05/12/16,01:00:00,15.124,5,1,3
05/12/16,01:30:00,14.220,5,1,3
05/12/16,02:00:00,13.447,5,1,3
05/12/16,02:30:00,12.770,5,1,3
05/12/16,03:00:00,12.448,5,1,3
05/12/16,03:30:00,13.221,5,1,3
05/12/16,04:00:00,12.349,5,1,3
05/12/16,04:30:00,10.188,5,1,3
05/12/16,05:00:00,10.510,5,1,3
05/12/16,05:30:00,10.931,5,1,3
05/12/16,06:00:00,11.964,5,1,3
05/12/16,06:30:00,11.448,5,1,3
05/12/16,07:00:00,14.029,5,1,3
05/12/16,07:30:00,13.158,5,1,3
05/12/16,08:00:00,12.932,5,1,3
05/12/16,08:30:00,13.803,5,1,3
05/12/16,09:00:00,13.415,5,1,3
05/12/16,09:30:00,13.077,5,1,3
05/12/16,10:00:00,14.221,5,1,3
05/12/16,10:30:00,16.801,5,1,3
05/12/16,11:00:00,15.543,5,1,3
05/12/16,11:30:00,14.962,5,1,3
05/12/16,12:00:00,15.049,5,1,3
05/12/16,12:30:00,16.898,5,1,3
05/12/16,13:00:00,17.350,5,1,3
05/12/16,13:30:00,18.059,5,1,3
05/12/16,14:00:00,16.900,5,1,3
05/12/16,14:30:00,15.642,5,1,3
05/12/16,15:00:00,14.318,5,1,3
05/12/16,15:30:00,13.929,5,1,3
05/12/16,16:00:00,14.511,5,1,3
05/12/16,16:30:00,12.770,5,1,3
05/12/16,17:00:00,13.124,5,1,3
05/12/16,17:30:00,12.963,5,1,3
05/12/16,18:00:00,12.740,5,1,3
05/12/16,18:30:00,12.349,5,1,3
05/12/16,19:00:00,13.126,5,1,3
05/12/16,19:30:00,13.706,5,1,3
05/12/16,20:00:00,13.285,5,1,3
05/12/16,20:30:00,14.009,5,1,3
05/12/16,21:00:00,13.252,5,1,3
05/12/16,21:30:00,13.092,5,1,3
05/12/16,22:00:00,13.091,5,1,3
05/12/16,22:30:00,13.351,5,1,3
05/12/16,23:00:00,13.383,5,1,3
05/12/16,23:30:00,13.436,5,1,3
06/12/16,00:00:00,14.062,5,1,3
06/12/16,00:30:00,13.932,5,1,3
06/12/16,01:00:00,13.605,5,1,3
06/12/16,01:30:00,14.220,5,1,3
06/12/16,02:00:00,14.735,5,1,3
06/12/16,02:30:00,14.381,5,1,3
06/12/16,03:00:00,14.123,5,1,3
06/12/16,03:30:00,14.155,5,1,3
06/12/16,04:00:00,14.027,5,1,3
06/12/16,04:30:00,13.930,5,1,3
06/12/16,05:00:00,14.479,5,1,3
06/12/16,05:30:00,15.286,5,1,3
06/12/16,06:00:00,15.833,5,1,3
06/12/16,06:30:00,16.383,5,1,3
06/12/16,07:00:00,17.155,5,1,3
06/12/16,07:30:00,17.865,5,1,3
06/12/16,08:00:00,17.991,5,1,3
06/12/16,08:30:00,18.158,5,1,3
06/12/16,09:00:00,18.093,5,1,3
06/12/16,09:30:00,18.448,5,1,3
06/12/16,10:00:00,18.802,5,1,3
06/12/16,10:30:00,18.962,5,1,3
06/12/16,11:00:00,18.024,5,1,3
06/12/16,11:30:00,18.382,5,1,3
06/12/16,12:00:00,19.157,5,1,3
06/12/16,12:30:00,20.642,5,1,3
06/12/16,13:00:00,23.318,5,1,3
06/12/16,13:30:00,25.317,5,1,3
06/12/16,14:00:00,23.285,5,1,3
06/12/16,14:30:00,21.543,5,1,3
06/12/16,15:00:00,20.479,5,1,3
06/12/16,15:30:00,20.381,5,1,3
06/12/16,16:00:00,19.544,5,1,3
06/12/16,16:30:00,19.642,5,1,3
06/12/16,17:00:00,17.607,5,1,3
06/12/16,17:30:00,16.962,5,1,3
06/12/16,18:00:00,16.740,5,1,3
06/12/16,18:30:00,17.899,5,1,3
06/12/16,19:00:00,18.027,5,1,3
06/12/16,19:30:00,19.099,5,1,3
06/12/16,20:00:00,18.124,5,1,3
06/12/16,20:30:00,18.383,5,1,3
06/12/16,21:00:00,18.223,5,1,3
06/12/16,21:30:00,17.674,5,1,3
06/12/16,22:00:00,15.736,5,1,3
06/12/16,22:30:00,16.196,5,1,3
06/12/16,23:00:00,15.254,5,1,3
06/12/16,23:30:00,14.607,5,1,3
07/12/16,00:00:00,13.803,5,1,3
07/12/16,00:30:00,15.319,5,1,3
07/12/16,01:00:00,14.544,5,1,3
07/12/16,01:30:00,15.124,5,1,3
07/12/16,02:00:00,14.932,5,1,3
07/12/16,02:30:00,14.546,5,1,3
07/12/16,03:00:00,15.058,5,1,3
07/12/16,03:30:00,11.413,5,1,3
07/12/16,04:00:00,12.701,5,1,3
07/12/16,04:30:00,11.476,5,1,3
07/12/16,05:00:00,11.702,5,1,3
07/12/16,05:30:00,13.577,5,1,3
07/12/16,06:00:00,13.707,5,1,3
07/12/16,06:30:00,12.221,5,1,3
07/12/16,07:00:00,14.834,5,1,3
07/12/16,07:30:00,13.932,5,1,3
07/12/16,08:00:00,15.730,5,1,3
07/12/16,08:30:00,17.705,5,1,3
07/12/16,09:00:00,18.381,5,1,3
07/12/16,09:30:00,18.929,5,1,3
07/12/16,10:00:00,18.768,5,1,3
07/12/16,10:30:00,18.511,5,1,3
07/12/16,11:00:00,18.962,5,1,3
07/12/16,11:30:00,19.447,5,1,3
07/12/16,12:00:00,20.674,5,1,3
07/12/16,12:30:00,22.028,5,1,3
07/12/16,13:00:00,22.415,5,1,3
07/12/16,13:30:00,21.769,5,1,3
07/12/16,14:00:00,21.737,5,1,3
07/12/16,14:30:00,21.801,5,1,3
07/12/16,15:00:00,20.511,5,1,3
07/12/16,15:30:00,20.384,5,1,3
07/12/16,16:00:00,19.092,5,1,3
07/12/16,16:30:00,18.736,5,1,3
07/12/16,17:00:00,18.383,5,1,3
07/12/16,17:30:00,18.865,5,1,3
07/12/16,18:00:00,18.865,5,1,3
07/12/16,18:30:00,19.780,5,1,3
07/12/16,19:00:00,19.188,5,1,3
07/12/16,19:30:00,17.918,5,1,3
07/12/16,20:00:00,18.607,5,1,3
07/12/16,20:30:00,18.091,5,1,3
07/12/16,21:00:00,17.996,5,1,3
07/12/16,21:30:00,17.834,5,1,3
07/12/16,22:00:00,18.541,5,1,3
07/12/16,22:30:00,18.347,5,1,3
07/12/16,23:00:00,17.639,5,1,3
07/12/16,23:30:00,17.767,5,1,3
08/12/16,00:00:00,16.897,5,1,3
08/12/16,00:30:00,17.060,5,1,3
08/12/16,01:00:00,16.705,5,1,3
08/12/16,01:30:00,31.705,5,1,3
08/12/16,02:00:00,16.189,5,1,3
08/12/16,02:30:00,15.898,5,1,3
08/12/16,03:00:00,15.479,5,1,3
08/12/16,03:30:00,15.287,5,1,3
08/12/16,04:00:00,15.804,5,1,3
08/12/16,04:30:00,15.965,5,1,3
08/12/16,05:00:00,16.642,5,1,3
08/12/16,05:30:00,17.123,5,1,3
08/12/16,06:00:00,17.449,5,1,3
08/12/16,06:30:00,18.511,5,1,3
08/12/16,07:00:00,18.274,5,1,3
08/12/16,07:30:00,17.674,5,1,3
08/12/16,08:00:00,18.029,5,1,3
08/12/16,08:30:00,18.849,5,1,3
08/12/16,09:00:00,18.899,5,1,3
08/12/16,09:30:00,18.414,5,1,3
08/12/16,10:00:00,18.479,5,1,3
08/12/16,10:30:00,20.445,5,1,3
08/12/16,11:00:00,21.739,5,1,3
08/12/16,11:30:00,21.740,5,1,3
08/12/16,12:00:00,22.802,5,1,3
08/12/16,12:30:00,23.285,5,1,3
08/12/16,13:00:00,20.898,5,1,3
08/12/16,13:30:00,19.639,5,1,3
08/12/16,14:00:00,18.897,5,1,3
08/12/16,14:30:00,18.575,5,1,3
08/12/16,15:00:00,17.448,5,1,3
08/12/16,15:30:00,17.156,5,1,3
08/12/16,16:00:00,15.832,5,1,3
08/12/16,16:30:00,15.445,5,1,3
08/12/16,17:00:00,16.350,5,1,3
08/12/16,17:30:00,17.234,5,1,3
08/12/16,18:00:00,16.740,5,1,3
08/12/16,18:30:00,15.262,5,1,3
08/12/16,19:00:00,16.285,5,1,3
08/12/16,19:30:00,15.642,5,1,3
08/12/16,20:00:00,16.126,5,1,3
08/12/16,20:30:00,15.285,5,1,3
08/12/16,21:00:00,16.125,5,1,3
08/12/16,21:30:00,15.254,5,1,3
08/12/16,22:00:00,15.093,5,1,3
08/12/16,22:30:00,15.093,5,1,3
08/12/16,23:00:00,13.963,5,1,3
08/12/16,23:30:00,13.866,5,1,3
09/12/16,00:00:00,14.832,5,1,3
09/12/16,00:30:00,13.864,5,1,3
09/12/16,01:00:00,13.768,5,1,3
09/12/16,01:30:00,13.059,5,1,3
09/12/16,02:00:00,12.576,5,1,3
09/12/16,02:30:00,13.187,5,1,3
09/12/16,03:00:00,12.285,5,1,3
09/12/16,03:30:00,11.833,5,1,3
09/12/16,04:00:00,12.060,5,1,3
09/12/16,04:30:00,10.802,5,1,3
09/12/16,05:00:00,12.108,5,1,3
09/12/16,05:30:00,13.026,5,1,3
09/12/16,06:00:00,12.934,5,1,3
09/12/16,06:30:00,13.866,5,1,3
09/12/16,07:00:00,13.896,5,1,3
09/12/16,07:30:00,14.707,5,1,3
09/12/16,08:00:00,14.965,5,1,3
09/12/16,08:30:00,15.320,5,1,3
09/12/16,09:00:00,15.352,5,1,3
09/12/16,09:30:00,16.770,5,1,3
09/12/16,10:00:00,15.673,5,1,3
09/12/16,10:30:00,15.092,5,1,3
09/12/16,11:00:00,15.898,5,1,3
09/12/16,11:30:00,17.736,5,1,3
09/12/16,12:00:00,17.479,5,1,3
09/12/16,12:30:00,18.284,5,1,3
09/12/16,13:00:00,17.610,5,1,3
09/12/16,13:30:00,18.028,5,1,3
09/12/16,14:00:00,18.029,5,1,3
09/12/16,14:30:00,18.092,5,1,3
09/12/16,15:00:00,17.029,5,1,3
09/12/16,15:30:00,17.930,5,1,3
09/12/16,16:00:00,17.220,5,1,3
09/12/16,16:30:00,17.127,5,1,3
09/12/16,17:00:00,16.930,5,1,3
09/12/16,17:30:00,17.020,5,1,3
09/12/16,18:00:00,17.020,5,1,3
09/12/16,18:30:00,17.188,5,1,3
09/12/16,19:00:00,16.608,5,1,3
09/12/16,19:30:00,15.448,5,1,3
09/12/16,20:00:00,16.124,5,1,3
09/12/16,20:30:00,15.671,5,1,3
09/12/16,21:00:00,15.446,5,1,3
09/12/16,21:30:00,15.415,5,1,3
09/12/16,22:00:00,16.059,5,1,3
09/12/16,22:30:00,14.900,5,1,3
09/12/16,23:00:00,15.288,5,1,3
09/12/16,23:30:00,14.479,5,1,3
10/12/16,00:00:00,14.510,5,1,3
10/12/16,00:30:00,14.413,5,1,3
10/12/16,01:00:00,13.477,5,1,3
10/12/16,01:30:00,13.704,5,1,3
10/12/16,02:00:00,12.930,5,1,3
10/12/16,02:30:00,12.072,5,1,3
10/12/16,03:00:00,14.221,5,1,3
10/12/16,03:30:00,12.672,5,1,3
10/12/16,04:00:00,13.184,5,1,3
10/12/16,04:30:00,12.252,5,1,3
10/12/16,05:00:00,12.865,5,1,3
10/12/16,05:30:00,13.607,5,1,3
10/12/16,06:00:00,12.961,5,1,3
10/12/16,06:30:00,14.898,5,1,3
10/12/16,07:00:00,14.638,5,1,3
10/12/16,07:30:00,14.478,5,1,3
10/12/16,08:00:00,13.835,5,1,3
10/12/16,08:30:00,14.029,5,1,3
10/12/16,09:00:00,14.641,5,1,3
10/12/16,09:30:00,15.252,5,1,3
10/12/16,10:00:00,15.833,5,1,3
10/12/16,10:30:00,17.190,5,1,3
10/12/16,11:00:00,18.867,5,1,3
10/12/16,11:30:00,22.705,5,1,3
10/12/16,12:00:00,23.737,5,1,3
10/12/16,12:30:00,25.932,5,1,3
10/12/16,13:00:00,28.026,5,1,3
10/12/16,13:30:00,24.350,5,1,3
10/12/16,14:00:00,19.672,5,1,3
10/12/16,14:30:00,21.833,5,1,3
10/12/16,15:00:00,20.414,5,1,3
10/12/16,15:30:00,19.709,5,1,3
10/12/16,16:00:00,18.027,5,1,3
10/12/16,16:30:00,17.963,5,1,3
10/12/16,17:00:00,16.768,5,1,3
10/12/16,17:30:00,16.060,5,1,3
10/12/16,18:00:00,15.740,5,1,3
10/12/16,18:30:00,14.768,5,1,3
10/12/16,19:00:00,14.222,5,1,3
10/12/16,19:30:00,13.833,5,1,3
10/12/16,20:00:00,13.415,5,1,3
10/12/16,20:30:00,12.932,5,1,3
10/12/16,21:00:00,13.125,5,1,3
10/12/16,21:30:00,13.124,5,1,3
10/12/16,22:00:00,12.996,5,1,3
10/12/16,22:30:00,13.381,5,1,3
10/12/16,23:00:00,12.511,5,1,3
10/12/16,23:30:00,12.705,5,1,3
11/12/16,00:00:00,12.510,5,1,3
11/12/16,00:30:00,12.608,5,1,3
11/12/16,01:00:00,12.448,5,1,3
11/12/16,01:30:00,11.822,5,1,3
11/12/16,02:00:00,12.705,5,1,3
11/12/16,02:30:00,11.836,5,1,3
11/12/16,03:00:00,11.680,5,1,3
11/12/16,03:30:00,10.606,5,1,3
11/12/16,04:00:00,11.573,5,1,3
11/12/16,04:30:00,12.187,5,1,3
11/12/16,05:00:00,11.607,5,1,3
11/12/16,05:30:00,11.510,5,1,3
11/12/16,06:00:00,11.897,5,1,3
11/12/16,06:30:00,11.704,5,1,3
11/12/16,07:00:00,11.447,5,1,3
11/12/16,07:30:00,11.801,5,1,3
11/12/16,08:00:00,10.898,5,1,3
11/12/16,08:30:00,10.963,5,1,3
11/12/16,09:00:00,11.479,5,1,3
11/12/16,09:30:00,12.190,5,1,3
11/12/16,10:00:00,11.223,5,1,3
11/12/16,10:30:00,12.157,5,1,3
11/12/16,11:00:00,11.995,5,1,3
11/12/16,11:30:00,12.577,5,1,3
11/12/16,12:00:00,14.124,5,1,3
11/12/16,12:30:00,13.964,5,1,3
11/12/16,13:00:00,13.184,5,1,3
11/12/16,13:30:00,13.608,5,1,3
11/12/16,14:00:00,13.511,5,1,3
11/12/16,14:30:00,14.010,5,1,3
11/12/16,15:00:00,12.704,5,1,3
11/12/16,15:30:00,12.834,5,1,3
11/12/16,16:00:00,12.931,5,1,3
11/12/16,16:30:00,13.351,5,1,3
11/12/16,17:00:00,13.641,5,1,3
11/12/16,17:30:00,13.415,5,1,3
11/12/16,18:00:00,12.776,5,1,3
11/12/16,18:30:00,12.576,5,1,3
11/12/16,19:00:00,11.028,5,1,3
11/12/16,19:30:00,8.515,5,1,3
11/12/16,20:00:00,6.129,5,1,3
11/12/16,20:30:00,6.388,5,1,3
11/12/16,21:00:00,4.806,5,1,3
11/12/16,21:30:00,5.419,5,1,3
11/12/16,22:00:00,4.937,5,1,3
11/12/16,22:30:00,5.808,5,1,3
11/12/16,23:00:00,5.033,5,1,3
11/12/16,23:30:00,6.324,5,1,3
12/12/16,00:00:00,7.001,5,1,3
12/12/16,00:30:00,4.411,5,1,3
12/12/16,01:00:00,6.417,5,1,3
12/12/16,01:30:00,6.130,5,1,3
12/12/16,02:00:00,6.560,5,1,3
12/12/16,02:30:00,4.936,5,1,3
12/12/16,03:00:00,4.807,5,1,3
12/12/16,03:30:00,4.322,5,1,3
12/12/16,04:00:00,4.191,5,1,3
12/12/16,04:30:00,4.708,5,1,3
12/12/16,05:00:00,5.063,5,1,3
12/12/16,05:30:00,5.839,5,1,3
12/12/16,06:00:00,6.840,5,1,3
12/12/16,06:30:00,7.582,5,1,3
12/12/16,07:00:00,7.776,5,1,3
12/12/16,07:30:00,7.841,5,1,3
12/12/16,08:00:00,7.518,5,1,3
12/12/16,08:30:00,7.905,5,1,3
12/12/16,09:00:00,7.903,5,1,3
12/12/16,09:30:00,8.870,5,1,3
12/12/16,10:00:00,8.677,5,1,3
12/12/16,10:30:00,8.968,5,1,3
12/12/16,11:00:00,8.483,5,1,3
12/12/16,11:30:00,8.549,5,1,3
12/12/16,12:00:00,7.383,5,1,3
12/12/16,12:30:00,8.192,5,1,3
12/12/16,13:00:00,7.967,5,1,3
12/12/16,13:30:00,9.784,5,1,3
12/12/16,14:00:00,8.258,5,1,3
12/12/16,14:30:00,8.486,5,1,3
12/12/16,15:00:00,8.421,5,1,3
12/12/16,15:30:00,8.289,5,1,3
12/12/16,16:00:00,8.257,5,1,3
12/12/16,16:30:00,8.677,5,1,3
12/12/16,17:00:00,8.613,5,1,3
12/12/16,17:30:00,9.290,5,1,3
12/12/16,18:00:00,9.290,5,1,3
12/12/16,18:30:00,9.194,5,1,3
12/12/16,19:00:00,8.871,5,1,3
12/12/16,19:30:00,8.647,5,1,3
12/12/16,20:00:00,8.291,5,1,3
12/12/16,20:30:00,8.322,5,1,3
12/12/16,21:00:00,8.225,5,1,3
12/12/16,21:30:00,7.839,5,1,3
12/12/16,22:00:00,7.000,5,1,3
12/12/16,22:30:00,7.097,5,1,3
12/12/16,23:00:00,6.485,5,1,3
12/12/16,23:30:00,4.878,5,1,3
13/12/16,00:00:00,6.001,5,1,3
13/12/16,00:30:00,5.614,5,1,3
13/12/16,01:00:00,6.844,5,1,3
13/12/16,01:30:00,5.580,5,1,3
13/12/16,02:00:00,5.258,5,1,3
13/12/16,02:30:00,5.611,5,1,3
13/12/16,03:00:00,4.998,5,1,3
13/12/16,03:30:00,5.355,5,1,3
13/12/16,04:00:00,5.484,5,1,3
13/12/16,04:30:00,4.967,5,1,3
13/12/16,05:00:00,5.322,5,1,3
13/12/16,05:30:00,6.742,5,1,3
13/12/16,06:00:00,7.031,5,1,3
13/12/16,06:30:00,7.968,5,1,3
13/12/16,07:00:00,7.967,5,1,3
13/12/16,07:30:00,8.741,5,1,3
13/12/16,08:00:00,8.679,5,1,3
13/12/16,08:30:00,9.066,5,1,3
13/12/16,09:00:00,10.064,5,1,3
13/12/16,09:30:00,9.453,5,1,3
13/12/16,10:00:00,9.904,5,1,3
13/12/16,10:30:00,10.386,5,1,3
13/12/16,11:00:00,9.283,5,1,3
13/12/16,11:30:00,11.256,5,1,3
13/12/16,12:00:00,13.580,5,1,3
13/12/16,12:30:00,15.931,5,1,3
13/12/16,13:00:00,17.383,5,1,3
13/12/16,13:30:00,17.898,5,1,3
13/12/16,14:00:00,14.672,5,1,3
13/12/16,14:30:00,13.737,5,1,3
13/12/16,15:00:00,12.513,5,1,3
13/12/16,15:30:00,12.866,5,1,3
13/12/16,16:00:00,11.834,5,1,3
13/12/16,16:30:00,11.096,5,1,3
13/12/16,17:00:00,11.061,5,1,3
13/12/16,17:30:00,11.833,5,1,3
13/12/16,18:00:00,11.833,5,1,3
13/12/16,18:30:00,11.675,5,1,3
13/12/16,19:00:00,12.512,5,1,3
13/12/16,19:30:00,9.710,5,1,3
13/12/16,20:00:00,8.709,5,1,3
13/12/16,20:30:00,9.419,5,1,3
13/12/16,21:00:00,8.970,5,1,3
13/12/16,21:30:00,8.807,5,1,3
13/12/16,22:00:00,9.642,5,1,3
13/12/16,22:30:00,7.561,5,1,3
13/12/16,23:00:00,7.838,5,1,3
13/12/16,23:30:00,9.640,5,1,3
14/12/16,00:00:00,9.739,5,1,3
14/12/16,00:30:00,9.064,5,1,3
14/12/16,01:00:00,8.839,5,1,3
14/12/16,01:30:00,8.807,5,1,3
14/12/16,02:00:00,11.157,5,1,3
14/12/16,02:30:00,9.899,5,1,3
14/12/16,03:00:00,8.513,5,1,3
14/12/16,03:30:00,9.350,5,1,3
14/12/16,04:00:00,9.994,5,1,3
14/12/16,04:30:00,11.446,5,1,3
14/12/16,05:00:00,10.961,5,1,3
14/12/16,05:30:00,11.574,5,1,3
14/12/16,06:00:00,12.285,5,1,3
14/12/16,06:30:00,12.415,5,1,3
14/12/16,07:00:00,10.611,5,1,3
14/12/16,07:30:00,12.868,5,1,3
14/12/16,08:00:00,13.157,5,1,3
14/12/16,08:30:00,12.996,5,1,3
14/12/16,09:00:00,13.446,5,1,3
14/12/16,09:30:00,13.318,5,1,3
14/12/16,10:00:00,12.863,5,1,3
14/12/16,10:30:00,13.480,5,1,3
14/12/16,11:00:00,14.583,5,1,3
14/12/16,11:30:00,17.543,5,1,3
14/12/16,12:00:00,18.220,5,1,3
14/12/16,12:30:00,18.059,5,1,3
14/12/16,13:00:00,16.318,5,1,3
14/12/16,13:30:00,15.577,5,1,3
14/12/16,14:00:00,14.770,5,1,3
14/12/16,14:30:00,14.350,5,1,3
14/12/16,15:00:00,13.189,5,1,3
14/12/16,15:30:00,12.833,5,1,3
14/12/16,16:00:00,12.223,5,1,3
14/12/16,16:30:00,11.321,5,1,3
14/12/16,17:00:00,12.157,5,1,3
14/12/16,17:30:00,12.191,5,1,3
14/12/16,18:00:00,12.740,5,1,3
14/12/16,18:30:00,12.062,5,1,3
14/12/16,19:00:00,12.900,5,1,3
14/12/16,19:30:00,11.414,5,1,3
14/12/16,20:00:00,11.932,5,1,3
14/12/16,20:30:00,11.319,5,1,3
14/12/16,21:00:00,12.223,5,1,3
14/12/16,21:30:00,10.211,5,1,3
14/12/16,22:00:00,10.867,5,1,3
14/12/16,22:30:00,11.824,5,1,3
14/12/16,23:00:00,11.220,5,1,3
14/12/16,23:30:00,11.222,5,1,3
15/12/16,00:00:00,10.546,5,1,3
15/12/16,00:30:00,9.227,5,1,3
15/12/16,01:00:00,9.131,5,1,3
15/12/16,01:30:00,10.483,5,1,3
15/12/16,02:00:00,8.966,5,1,3
15/12/16,02:30:00,10.511,5,1,3
15/12/16,03:00:00,8.837,5,1,3
15/12/16,03:30:00,8.516,5,1,3
15/12/16,04:00:00,8.580,5,1,3
15/12/16,04:30:00,8.000,5,1,3
15/12/16,05:00:00,7.677,5,1,3
15/12/16,05:30:00,8.516,5,1,3
15/12/16,06:00:00,9.032,5,1,3
15/12/16,06:30:00,9.194,5,1,3
15/12/16,07:00:00,10.484,5,1,3
15/12/16,07:30:00,11.770,5,1,3
15/12/16,08:00:00,11.963,5,1,3
15/12/16,08:30:00,12.092,5,1,3
15/12/16,09:00:00,11.393,5,1,3
15/12/16,09:30:00,11.225,5,1,3
15/12/16,10:00:00,13.722,5,1,3
15/12/16,10:30:00,13.510,5,1,3
15/12/16,11:00:00,15.027,5,1,3
15/12/16,11:30:00,20.414,5,1,3
15/12/16,12:00:00,20.349,5,1,3
15/12/16,12:30:00,20.575,5,1,3
15/12/16,13:00:00,19.930,5,1,3
15/12/16,13:30:00,16.930,5,1,3
15/12/16,14:00:00,15.704,5,1,3
15/12/16,14:30:00,14.867,5,1,3
15/12/16,15:00:00,14.576,5,1,3
15/12/16,15:30:00,13.609,5,1,3
15/12/16,16:00:00,12.802,5,1,3
15/12/16,16:30:00,12.929,5,1,3
15/12/16,17:00:00,12.351,5,1,3
15/12/16,17:30:00,12.446,5,1,3
15/12/16,18:00:00,12.418,5,1,3
15/12/16,18:30:00,11.418,5,1,3
15/12/16,19:00:00,11.321,5,1,3
15/12/16,19:30:00,12.350,5,1,3
15/12/16,20:00:00,11.609,5,1,3
15/12/16,20:30:00,10.250,5,1,3
15/12/16,21:00:00,10.549,5,1,3
15/12/16,21:30:00,11.898,5,1,3
15/12/16,22:00:00,10.320,5,1,3
15/12/16,22:30:00,10.352,5,1,3
15/12/16,23:00:00,10.321,5,1,3
15/12/16,23:30:00,8.839,5,1,3
16/12/16,00:00:00,9.066,5,1,3
16/12/16,00:30:00,9.421,5,1,3
16/12/16,01:00:00,9.162,5,1,3
16/12/16,01:30:00,9.645,5,1,3
16/12/16,02:00:00,9.515,5,1,3
16/12/16,02:30:00,8.290,5,1,3
16/12/16,03:00:00,7.904,5,1,3
16/12/16,03:30:00,7.903,5,1,3
16/12/16,04:00:00,8.386,5,1,3
16/12/16,04:30:00,6.969,5,1,3
16/12/16,05:00:00,7.032,5,1,3
16/12/16,05:30:00,7.904,5,1,3
16/12/16,06:00:00,8.322,5,1,3
16/12/16,06:30:00,8.741,5,1,3
16/12/16,07:00:00,9.195,5,1,3
16/12/16,07:30:00,9.453,5,1,3
16/12/16,08:00:00,8.317,5,1,3
16/12/16,08:30:00,9.838,5,1,3
16/12/16,09:00:00,11.611,5,1,3
16/12/16,09:30:00,11.964,5,1,3
16/12/16,10:00:00,10.806,5,1,3
16/12/16,10:30:00,11.515,5,1,3
16/12/16,11:00:00,11.997,5,1,3
16/12/16,11:30:00,12.028,5,1,3
16/12/16,12:00:00,11.258,5,1,3
16/12/16,12:30:00,11.516,5,1,3
16/12/16,13:00:00,11.162,5,1,3
16/12/16,13:30:00,11.193,5,1,3
16/12/16,14:00:00,10.001,5,1,3
16/12/16,14:30:00,10.065,5,1,3
16/12/16,15:00:00,10.289,5,1,3
16/12/16,15:30:00,10.033,5,1,3
16/12/16,16:00:00,9.969,5,1,3
16/12/16,16:30:00,9.580,5,1,3
16/12/16,17:00:00,9.195,5,1,3
16/12/16,17:30:00,9.837,5,1,3
16/12/16,18:00:00,9.637,5,1,3
16/12/16,18:30:00,9.195,5,1,3
16/12/16,19:00:00,9.837,5,1,3
16/12/16,19:30:00,8.351,5,1,3
16/12/16,20:00:00,8.775,5,1,3
16/12/16,20:30:00,10.573,5,1,3
16/12/16,21:00:00,8.840,5,1,3
16/12/16,21:30:00,8.935,5,1,3
16/12/16,22:00:00,8.000,5,1,3
16/12/16,22:30:00,7.548,5,1,3
16/12/16,23:00:00,7.192,5,1,3
16/12/16,23:30:00,7.259,5,1,3
17/12/16,00:00:00,6.775,5,1,3
17/12/16,00:30:00,6.518,5,1,3
17/12/16,01:00:00,6.324,5,1,3
17/12/16,01:30:00,6.228,5,1,3
17/12/16,02:00:00,6.163,5,1,3
17/12/16,02:30:00,6.194,5,1,3
17/12/16,03:00:00,5.258,5,1,3
17/12/16,03:30:00,4.740,5,1,3
17/12/16,04:00:00,4.740,5,1,3
17/12/16,04:30:00,4.451,5,1,3
17/12/16,05:00:00,4.356,5,1,3
17/12/16,05:30:00,4.356,5,1,3
17/12/16,06:00:00,4.388,5,1,3
17/12/16,06:30:00,3.011,5,1,3
17/12/16,07:00:00,5.064,5,1,3
17/12/16,07:30:00,4.935,5,1,3
17/12/16,08:00:00,6.988,5,1,3
17/12/16,08:30:00,5.288,5,1,3
17/12/16,09:00:00,5.611,5,1,3
17/12/16,09:30:00,5.838,5,1,3
17/12/16,10:00:00,6.547,5,1,3
17/12/16,10:30:00,7.000,5,1,3
17/12/16,11:00:00,7.292,5,1,3
17/12/16,11:30:00,7.389,5,1,3
17/12/16,12:00:00,8.354,5,1,3
17/12/16,12:30:00,9.678,5,1,3
17/12/16,13:00:00,9.065,5,1,3
17/12/16,13:30:00,9.161,5,1,3
17/12/16,14:00:00,8.774,5,1,3
17/12/16,14:30:00,8.550,5,1,3
17/12/16,15:00:00,7.839,5,1,3
17/12/16,15:30:00,7.290,5,1,3
17/12/16,16:00:00,6.675,5,1,3
17/12/16,16:30:00,6.675,5,1,3
17/12/16,17:00:00,6.161,5,1,3
17/12/16,17:30:00,6.162,5,1,3
17/12/16,18:00:00,6.434,5,1,3
17/12/16,18:30:00,6.034,5,1,3
17/12/16,19:00:00,5.711,5,1,3
17/12/16,19:30:00,7.490,5,1,3
17/12/16,20:00:00,5.645,5,1,3
17/12/16,20:30:00,5.644,5,1,3
17/12/16,21:00:00,5.352,5,1,3
17/12/16,21:30:00,5.289,5,1,3
17/12/16,22:00:00,4.936,5,1,3
17/12/16,22:30:00,4.998,5,1,3
17/12/16,23:00:00,4.803,5,1,3
17/12/16,23:30:00,4.967,5,1,3
18/12/16,00:00:00,4.774,5,1,3
18/12/16,00:30:00,4.612,5,1,3
18/12/16,01:00:00,4.291,5,1,3
18/12/16,01:30:00,4.034,5,1,3
18/12/16,02:00:00,3.939,5,1,3
18/12/16,02:30:00,3.809,5,1,3
18/12/16,03:00:00,4.032,5,1,3
18/12/16,03:30:00,3.902,5,1,3
18/12/16,04:00:00,3.709,5,1,3
18/12/16,04:30:00,3.676,5,1,3
18/12/16,05:00:00,3.935,5,1,3
18/12/16,05:30:00,2.330,5,1,3
18/12/16,06:00:00,3.838,5,1,3
18/12/16,06:30:00,3.709,5,1,3
18/12/16,07:00:00,5.377,5,1,3
18/12/16,07:30:00,4.000,5,1,3
18/12/16,08:00:00,4.580,5,1,3
18/12/16,08:30:00,4.484,5,1,3
18/12/16,09:00:00,5.000,5,1,3
18/12/16,09:30:00,5.614,5,1,3
18/12/16,10:00:00,10.901,5,1,3
18/12/16,10:30:00,8.065,5,1,3
18/12/16,11:00:00,8.451,5,1,3
18/12/16,11:30:00,8.420,5,1,3
18/12/16,12:00:00,10.098,5,1,3
18/12/16,12:30:00,14.546,5,1,3
18/12/16,13:00:00,13.512,5,1,3
18/12/16,13:30:00,11.935,5,1,3
18/12/16,14:00:00,10.742,5,1,3
18/12/16,14:30:00,10.161,5,1,3
18/12/16,15:00:00,9.485,5,1,3
18/12/16,15:30:00,8.776,5,1,3
18/12/16,16:00:00,7.904,5,1,3
18/12/16,16:30:00,7.743,5,1,3
18/12/16,17:00:00,6.849,5,1,3
18/12/16,17:30:00,8.131,5,1,3
18/12/16,18:00:00,9.286,5,1,3
18/12/16,18:30:00,9.286,5,1,3
18/12/16,19:00:00,7.936,5,1,3
18/12/16,19:30:00,7.164,5,1,3
18/12/16,20:00:00,6.774,5,1,3
18/12/16,20:30:00,7.099,5,1,3
18/12/16,21:00:00,6.809,5,1,3
18/12/16,21:30:00,8.001,5,1,3
18/12/16,22:00:00,7.323,5,1,3
18/12/16,22:30:00,7.583,5,1,3
18/12/16,23:00:00,7.710,5,1,3
18/12/16,23:30:00,8.002,5,1,3
19/12/16,00:00:00,7.453,5,1,3
19/12/16,00:30:00,8.259,5,1,3
19/12/16,01:00:00,7.612,5,1,3
19/12/16,01:30:00,6.905,5,1,3
19/12/16,02:00:00,8.034,5,1,3
19/12/16,02:30:00,9.678,5,1,3
19/12/16,03:00:00,5.515,5,1,3
19/12/16,03:30:00,5.387,5,1,3
19/12/16,04:00:00,8.645,5,1,3
19/12/16,04:30:00,6.309,5,1,3
19/12/16,05:00:00,9.192,5,1,3
19/12/16,05:30:00,9.452,5,1,3
19/12/16,06:00:00,10.894,5,1,3
19/12/16,06:30:00,9.193,5,1,3
19/12/16,07:00:00,9.353,5,1,3
19/12/16,07:30:00,9.741,5,1,3
19/12/16,08:00:00,9.547,5,1,3
19/12/16,08:30:00,9.515,5,1,3
19/12/16,09:00:00,9.903,5,1,3
19/12/16,09:30:00,9.742,5,1,3
19/12/16,10:00:00,11.192,5,1,3
19/12/16,10:30:00,11.286,5,1,3
19/12/16,11:00:00,11.416,5,1,3
19/12/16,11:30:00,11.608,5,1,3
19/12/16,12:00:00,11.577,5,1,3
19/12/16,12:30:00,11.609,5,1,3
19/12/16,13:00:00,12.029,5,1,3
19/12/16,13:30:00,11.287,5,1,3
19/12/16,14:00:00,11.640,5,1,3
19/12/16,14:30:00,11.543,5,1,3
19/12/16,15:00:00,12.962,5,1,3
19/12/16,15:30:00,13.124,5,1,3
19/12/16,16:00:00,11.392,5,1,3
19/12/16,16:30:00,12.384,5,1,3
19/12/16,17:00:00,12.029,5,1,3
19/12/16,17:30:00,13.939,5,1,3
19/12/16,18:00:00,12.740,5,1,3
19/12/16,18:30:00,11.159,5,1,3
19/12/16,19:00:00,10.870,5,1,3
19/12/16,19:30:00,10.356,5,1,3
19/12/16,20:00:00,10.839,5,1,3
19/12/16,20:30:00,10.258,5,1,3
19/12/16,21:00:00,10.128,5,1,3
19/12/16,21:30:00,10.966,5,1,3
19/12/16,22:00:00,10.061,5,1,3
19/12/16,22:30:00,9.708,5,1,3
19/12/16,23:00:00,10.321,5,1,3
19/12/16,23:30:00,9.612,5,1,3
20/12/16,00:00:00,9.098,5,1,3
20/12/16,00:30:00,8.581,5,1,3
20/12/16,01:00:00,9.741,5,1,3
20/12/16,01:30:00,8.999,5,1,3
20/12/16,02:00:00,7.357,5,1,3
20/12/16,02:30:00,7.711,5,1,3
20/12/16,03:00:00,6.744,5,1,3
20/12/16,03:30:00,6.131,5,1,3
20/12/16,04:00:00,6.936,5,1,3
20/12/16,04:30:00,7.419,5,1,3
20/12/16,05:00:00,8.384,5,1,3
20/12/16,05:30:00,30.423,5,1,3
20/12/16,06:00:00,8.836,5,1,3
20/12/16,06:30:00,9.387,5,1,3
20/12/16,07:00:00,10.774,5,1,3
20/12/16,07:30:00,10.451,5,1,3
20/12/16,08:00:00,10.773,5,1,3
20/12/16,08:30:00,11.351,5,1,3
20/12/16,09:00:00,10.612,5,1,3
20/12/16,09:30:00,10.450,5,1,3
20/12/16,10:00:00,10.064,5,1,3
20/12/16,10:30:00,10.257,5,1,3
20/12/16,11:00:00,9.838,5,1,3
20/12/16,11:30:00,9.869,5,1,3
20/12/16,12:00:00,10.742,5,1,3
20/12/16,12:30:00,10.355,5,1,3
20/12/16,13:00:00,10.066,5,1,3
20/12/16,13:30:00,10.581,5,1,3
20/12/16,14:00:00,9.840,5,1,3
20/12/16,14:30:00,9.935,5,1,3
20/12/16,15:00:00,8.601,5,1,3
20/12/16,15:30:00,9.901,5,1,3
20/12/16,16:00:00,10.787,5,1,3
20/12/16,16:30:00,10.031,5,1,3
20/12/16,17:00:00,10.290,5,1,3
20/12/16,17:30:00,9.902,5,1,3
20/12/16,18:00:00,10.483,5,1,3
20/12/16,18:30:00,11.706,5,1,3
20/12/16,19:00:00,11.932,5,1,3
20/12/16,19:30:00,10.934,5,1,3
20/12/16,20:00:00,10.805,5,1,3
20/12/16,20:30:00,10.415,5,1,3
20/12/16,21:00:00,10.706,5,1,3
20/12/16,21:30:00,11.318,5,1,3
20/12/16,22:00:00,10.192,5,1,3
20/12/16,22:30:00,9.775,5,1,3
20/12/16,23:00:00,10.000,5,1,3
20/12/16,23:30:00,10.836,5,1,3
21/12/16,00:00:00,11.480,5,1,3
21/12/16,00:30:00,10.641,5,1,3
21/12/16,01:00:00,11.383,5,1,3
21/12/16,01:30:00,8.933,5,1,3
21/12/16,02:00:00,10.126,5,1,3
21/12/16,02:30:00,7.741,5,1,3
21/12/16,03:00:00,8.097,5,1,3
21/12/16,03:30:00,9.319,5,1,3
21/12/16,04:00:00,8.001,5,1,3
21/12/16,04:30:00,7.742,5,1,3
21/12/16,05:00:00,7.260,5,1,3
21/12/16,05:30:00,8.323,5,1,3
21/12/16,06:00:00,8.162,5,1,3
21/12/16,06:30:00,9.193,5,1,3
21/12/16,07:00:00,9.549,5,1,3
21/12/16,07:30:00,9.871,5,1,3
21/12/16,08:00:00,9.809,5,1,3
21/12/16,08:30:00,10.741,5,1,3
21/12/16,09:00:00,10.226,5,1,3
21/12/16,09:30:00,10.163,5,1,3
21/12/16,10:00:00,10.740,5,1,3
21/12/16,10:30:00,10.643,5,1,3
21/12/16,11:00:00,10.740,5,1,3
21/12/16,11:30:00,10.257,5,1,3
21/12/16,12:00:00,10.677,5,1,3
21/12/16,12:30:00,9.870,5,1,3
21/12/16,13:00:00,12.093,5,1,3
21/12/16,13:30:00,13.382,5,1,3
21/12/16,14:00:00,11.070,5,1,3
21/12/16,14:30:00,11.415,5,1,3
21/12/16,15:00:00,12.183,5,1,3
21/12/16,15:30:00,10.643,5,1,3
21/12/16,16:00:00,10.258,5,1,3
21/12/16,16:30:00,10.225,5,1,3
21/12/16,17:00:00,9.582,5,1,3
21/12/16,17:30:00,9.871,5,1,3
21/12/16,18:00:00,9.871,5,1,3
21/12/16,18:30:00,10.741,5,1,3
21/12/16,19:00:00,10.130,5,1,3
21/12/16,19:30:00,10.386,5,1,3
21/12/16,20:00:00,10.127,5,1,3
21/12/16,20:30:00,9.645,5,1,3
21/12/16,21:00:00,9.161,5,1,3
21/12/16,21:30:00,8.646,5,1,3
21/12/16,22:00:00,8.483,5,1,3
21/12/16,22:30:00,8.451,5,1,3
21/12/16,23:00:00,8.741,5,1,3
21/12/16,23:30:00,8.355,5,1,3
22/12/16,00:00:00,8.483,5,1,3
22/12/16,00:30:00,8.161,5,1,3
22/12/16,01:00:00,8.066,5,1,3
22/12/16,01:30:00,6.918,5,1,3
22/12/16,02:00:00,8.774,5,1,3
22/12/16,02:30:00,9.604,5,1,3
22/12/16,03:00:00,7.579,5,1,3
22/12/16,03:30:00,7.613,5,1,3
22/12/16,04:00:00,7.288,5,1,3
22/12/16,04:30:00,7.192,5,1,3
22/12/16,05:00:00,7.451,5,1,3
22/12/16,05:30:00,8.128,5,1,3
22/12/16,06:00:00,8.223,5,1,3
22/12/16,06:30:00,9.193,5,1,3
22/12/16,07:00:00,10.257,5,1,3
22/12/16,07:30:00,10.514,5,1,3
22/12/16,08:00:00,9.933,5,1,3
22/12/16,08:30:00,10.258,5,1,3
22/12/16,09:00:00,10.196,5,1,3
22/12/16,09:30:00,10.419,5,1,3
22/12/16,10:00:00,10.515,5,1,3
22/12/16,10:30:00,11.000,5,1,3
22/12/16,11:00:00,11.158,5,1,3
22/12/16,11:30:00,11.449,5,1,3
22/12/16,12:00:00,12.125,5,1,3
22/12/16,12:30:00,14.414,5,1,3
22/12/16,13:00:00,13.220,5,1,3
22/12/16,13:30:00,13.510,5,1,3
22/12/16,14:00:00,13.544,5,1,3
22/12/16,14:30:00,12.738,5,1,3
22/12/16,15:00:00,12.319,5,1,3
22/12/16,15:30:00,11.546,5,1,3
22/12/16,16:00:00,11.193,5,1,3
22/12/16,16:30:00,10.967,5,1,3
22/12/16,17:00:00,10.643,5,1,3
22/12/16,17:30:00,10.902,5,1,3
22/12/16,18:00:00,10.033,5,1,3
22/12/16,18:30:00,10.033,5,1,3
22/12/16,19:00:00,9.776,5,1,3
22/12/16,19:30:00,10.289,5,1,3
22/12/16,20:00:00,10.097,5,1,3
22/12/16,20:30:00,9.806,5,1,3
22/12/16,21:00:00,8.842,5,1,3
22/12/16,21:30:00,9.162,5,1,3
22/12/16,22:00:00,8.353,5,1,3
22/12/16,22:30:00,7.838,5,1,3
22/12/16,23:00:00,7.838,5,1,3
22/12/16,23:30:00,7.646,5,1,3
23/12/16,00:00:00,7.292,5,1,3
23/12/16,00:30:00,6.202,5,1,3
23/12/16,01:00:00,7.646,5,1,3
23/12/16,01:30:00,8.280,5,1,3
23/12/16,02:00:00,6.806,5,1,3
23/12/16,02:30:00,8.256,5,1,3
23/12/16,03:00:00,7.062,5,1,3
23/12/16,03:30:00,7.224,5,1,3
23/12/16,04:00:00,6.869,5,1,3
23/12/16,04:30:00,6.353,5,1,3
23/12/16,05:00:00,6.774,5,1,3
23/12/16,05:30:00,6.837,5,1,3
23/12/16,06:00:00,7.355,5,1,3
23/12/16,06:30:00,8.064,5,1,3
23/12/16,07:00:00,8.516,5,1,3
23/12/16,07:30:00,7.613,5,1,3
23/12/16,08:00:00,7.516,5,1,3
23/12/16,08:30:00,7.644,5,1,3
23/12/16,09:00:00,8.064,5,1,3
23/12/16,09:30:00,8.451,5,1,3
23/12/16,10:00:00,9.257,5,1,3
23/12/16,10:30:00,9.290,5,1,3
23/12/16,11:00:00,8.516,5,1,3
23/12/16,11:30:00,8.870,5,1,3
23/12/16,12:00:00,9.349,5,1,3
23/12/16,12:30:00,11.382,5,1,3
23/12/16,13:00:00,14.260,5,1,3
23/12/16,13:30:00,12.317,5,1,3
23/12/16,14:00:00,11.446,5,1,3
23/12/16,14:30:00,11.125,5,1,3
23/12/16,15:00:00,10.027,5,1,3
23/12/16,15:30:00,9.608,5,1,3
23/12/16,16:00:00,9.382,5,1,3
23/12/16,16:30:00,8.193,5,1,3
23/12/16,17:00:00,8.546,5,1,3
23/12/16,17:30:00,8.354,5,1,3
23/12/16,18:00:00,7.944,5,1,3
23/12/16,18:30:00,7.644,5,1,3
23/12/16,19:00:00,7.580,5,1,3
23/12/16,19:30:00,7.901,5,1,3
23/12/16,20:00:00,8.224,5,1,3
23/12/16,20:30:00,7.547,5,1,3
23/12/16,21:00:00,7.482,5,1,3
23/12/16,21:30:00,7.903,5,1,3
23/12/16,22:00:00,6.968,5,1,3
23/12/16,22:30:00,6.709,5,1,3
23/12/16,23:00:00,6.322,5,1,3
23/12/16,23:30:00,5.484,5,1,3
24/12/16,00:00:00,6.549,5,1,3
24/12/16,00:30:00,7.599,5,1,3
24/12/16,01:00:00,6.807,5,1,3
24/12/16,01:30:00,7.097,5,1,3
24/12/16,02:00:00,6.872,5,1,3
24/12/16,02:30:00,6.226,5,1,3
24/12/16,03:00:00,6.325,5,1,3
24/12/16,03:30:00,5.968,5,1,3
24/12/16,04:00:00,6.062,5,1,3
24/12/16,04:30:00,5.999,5,1,3
24/12/16,05:00:00,5.804,5,1,3
24/12/16,05:30:00,5.772,5,1,3
24/12/16,06:00:00,5.257,5,1,3
24/12/16,06:30:00,5.646,5,1,3
24/12/16,07:00:00,5.516,5,1,3
24/12/16,07:30:00,4.807,5,1,3
24/12/16,08:00:00,4.936,5,1,3
24/12/16,08:30:00,5.354,5,1,3
24/12/16,09:00:00,4.806,5,1,3
24/12/16,09:30:00,4.902,5,1,3
24/12/16,10:00:00,4.483,5,1,3
24/12/16,10:30:00,3.583,5,1,3
24/12/16,11:00:00,5.419,5,1,3
24/12/16,11:30:00,6.709,5,1,3
24/12/16,12:00:00,8.672,5,1,3
24/12/16,12:30:00,9.128,5,1,3
24/12/16,13:00:00,9.548,5,1,3
24/12/16,13:30:00,10.676,5,1,3
24/12/16,14:00:00,10.033,5,1,3
24/12/16,14:30:00,10.194,5,1,3
24/12/16,15:00:00,9.581,5,1,3
24/12/16,15:30:00,9.160,5,1,3
24/12/16,16:00:00,7.998,5,1,3
24/12/16,16:30:00,7.710,5,1,3
24/12/16,17:00:00,6.708,5,1,3
24/12/16,17:30:00,6.194,5,1,3
24/12/16,18:00:00,5.935,5,1,3
24/12/16,18:30:00,5.935,5,1,3
24/12/16,19:00:00,6.034,5,1,3
24/12/16,19:30:00,5.354,5,1,3
24/12/16,20:00:00,5.417,5,1,3
24/12/16,20:30:00,6.419,5,1,3
24/12/16,21:00:00,5.259,5,1,3
24/12/16,21:30:00,4.679,5,1,3
24/12/16,22:00:00,3.728,5,1,3
24/12/16,22:30:00,5.389,5,1,3
24/12/16,23:00:00,5.000,5,1,3
24/12/16,23:30:00,6.271,5,1,3
25/12/16,00:00:00,4.676,5,1,3
25/12/16,00:30:00,4.645,5,1,3
25/12/16,01:00:00,4.485,5,1,3
25/12/16,01:30:00,4.225,5,1,3
25/12/16,02:00:00,4.580,5,1,3
25/12/16,02:30:00,4.162,5,1,3
25/12/16,03:00:00,4.324,5,1,3
25/12/16,03:30:00,4.000,5,1,3
25/12/16,04:00:00,4.033,5,1,3
25/12/16,04:30:00,4.096,5,1,3
25/12/16,05:00:00,4.291,5,1,3
25/12/16,05:30:00,4.001,5,1,3
25/12/16,06:00:00,4.066,5,1,3
25/12/16,06:30:00,4.002,5,1,3
25/12/16,07:00:00,4.292,5,1,3
25/12/16,07:30:00,3.615,5,1,3
25/12/16,08:00:00,3.711,5,1,3
25/12/16,08:30:00,3.905,5,1,3
25/12/16,09:00:00,4.130,5,1,3
25/12/16,09:30:00,3.514,5,1,3
25/12/16,10:00:00,5.389,5,1,3
25/12/16,10:30:00,5.388,5,1,3
25/12/16,11:00:00,6.593,5,1,3
25/12/16,11:30:00,6.903,5,1,3
25/12/16,12:00:00,8.581,5,1,3
25/12/16,12:30:00,9.934,5,1,3
25/12/16,13:00:00,10.192,5,1,3
25/12/16,13:30:00,10.321,5,1,3
25/12/16,14:00:00,9.066,5,1,3
25/12/16,14:30:00,9.000,5,1,3
25/12/16,15:00:00,8.324,5,1,3
25/12/16,15:30:00,8.709,5,1,3
25/12/16,16:00:00,7.096,5,1,3
25/12/16,16:30:00,7.065,5,1,3
25/12/16,17:00:00,6.320,5,1,3
25/12/16,17:30:00,5.805,5,1,3
25/12/16,18:00:00,5.805,5,1,3
25/12/16,18:30:00,5.420,5,1,3
25/12/16,19:00:00,5.839,5,1,3
25/12/16,19:30:00,5.420,5,1,3
25/12/16,20:00:00,4.581,5,1,3
25/12/16,20:30:00,4.322,5,1,3
25/12/16,21:00:00,3.154,5,1,3
25/12/16,21:30:00,5.225,5,1,3
25/12/16,22:00:00,4.387,5,1,3
25/12/16,22:30:00,5.987,5,1,3
25/12/16,23:00:00,4.450,5,1,3
25/12/16,23:30:00,4.258,5,1,3
26/12/16,00:00:00,4.386,5,1,3
26/12/16,00:30:00,3.904,5,1,3
26/12/16,01:00:00,3.451,5,1,3
26/12/16,01:30:00,4.064,5,1,3
26/12/16,02:00:00,4.065,5,1,3
26/12/16,02:30:00,4.129,5,1,3
26/12/16,03:00:00,3.454,5,1,3
26/12/16,03:30:00,4.132,5,1,3
26/12/16,04:00:00,4.259,5,1,3
26/12/16,04:30:00,4.002,5,1,3
26/12/16,05:00:00,7.163,5,1,3
26/12/16,05:30:00,7.353,5,1,3
26/12/16,06:00:00,7.578,5,1,3
26/12/16,06:30:00,7.031,5,1,3
26/12/16,07:00:00,7.450,5,1,3
26/12/16,07:30:00,7.674,5,1,3
26/12/16,08:00:00,7.930,5,1,3
26/12/16,08:30:00,6.591,5,1,3
26/12/16,09:00:00,8.284,5,1,3
26/12/16,09:30:00,9.157,5,1,3
26/12/16,10:00:00,9.707,5,1,3
26/12/16,10:30:00,9.769,5,1,3
26/12/16,11:00:00,9.995,5,1,3
26/12/16,11:30:00,9.802,5,1,3
26/12/16,12:00:00,13.059,5,1,3
26/12/16,12:30:00,15.287,5,1,3
26/12/16,13:00:00,14.834,5,1,3
26/12/16,13:30:00,16.027,5,1,3
26/12/16,14:00:00,14.543,5,1,3
26/12/16,14:30:00,13.738,5,1,3
26/12/16,15:00:00,12.704,5,1,3
26/12/16,15:30:00,12.254,5,1,3
26/12/16,16:00:00,10.223,5,1,3
26/12/16,16:30:00,10.931,5,1,3
26/12/16,17:00:00,11.188,5,1,3
26/12/16,17:30:00,9.254,5,1,3
26/12/16,18:00:00,9.254,5,1,3
26/12/16,18:30:00,9.093,5,1,3
26/12/16,19:00:00,8.803,5,1,3
26/12/16,19:30:00,8.932,5,1,3
26/12/16,20:00:00,7.060,5,1,3
26/12/16,20:30:00,8.032,5,1,3
26/12/16,21:00:00,8.064,5,1,3
26/12/16,21:30:00,8.781,5,1,3
26/12/16,22:00:00,6.773,5,1,3
26/12/16,22:30:00,6.546,5,1,3
26/12/16,23:00:00,6.387,5,1,3
26/12/16,23:30:00,6.679,5,1,3
27/12/16,00:00:00,6.224,5,1,3
27/12/16,00:30:00,6.258,5,1,3
27/12/16,01:00:00,6.354,5,1,3
27/12/16,01:30:00,5.775,5,1,3
27/12/16,02:00:00,5.839,5,1,3
27/12/16,02:30:00,5.516,5,1,3
27/12/16,03:00:00,5.098,5,1,3
27/12/16,03:30:00,4.678,5,1,3
27/12/16,04:00:00,4.615,5,1,3
27/12/16,04:30:00,5.420,5,1,3
27/12/16,05:00:00,5.517,5,1,3
27/12/16,05:30:00,4.838,5,1,3
27/12/16,06:00:00,5.128,5,1,3
27/12/16,06:30:00,4.676,5,1,3
27/12/16,07:00:00,5.128,5,1,3
27/12/16,07:30:00,4.729,5,1,3
27/12/16,08:00:00,6.062,5,1,3
27/12/16,08:30:00,5.903,5,1,3
27/12/16,09:00:00,7.309,5,1,3
27/12/16,09:30:00,6.096,5,1,3
27/12/16,10:00:00,7.159,5,1,3
27/12/16,10:30:00,7.354,5,1,3
27/12/16,11:00:00,8.868,5,1,3
27/12/16,11:30:00,9.383,5,1,3
27/12/16,12:00:00,11.930,5,1,3
27/12/16,12:30:00,13.964,5,1,3
27/12/16,13:00:00,15.866,5,1,3
27/12/16,13:30:00,16.835,5,1,3
27/12/16,14:00:00,14.961,5,1,3
27/12/16,14:30:00,15.576,5,1,3
27/12/16,15:00:00,14.384,5,1,3
27/12/16,15:30:00,12.706,5,1,3
27/12/16,16:00:00,12.319,5,1,3
27/12/16,16:30:00,11.413,5,1,3
27/12/16,17:00:00,11.092,5,1,3
27/12/16,17:30:00,10.063,5,1,3
27/12/16,18:00:00,7.325,5,1,3
27/12/16,18:30:00,7.967,5,1,3
27/12/16,19:00:00,7.917,5,1,3
27/12/16,19:30:00,8.385,5,1,3
27/12/16,20:00:00,8.887,5,1,3
27/12/16,20:30:00,7.548,5,1,3
27/12/16,21:00:00,7.516,5,1,3
27/12/16,21:30:00,7.355,5,1,3
27/12/16,22:00:00,8.482,5,1,3
27/12/16,22:30:00,8.128,5,1,3
27/12/16,23:00:00,7.195,5,1,3
27/12/16,23:30:00,7.771,5,1,3
28/12/16,00:00:00,6.258,5,1,3
28/12/16,00:30:00,6.741,5,1,3
28/12/16,01:00:00,7.515,5,1,3
28/12/16,01:30:00,6.644,5,1,3
28/12/16,02:00:00,7.546,5,1,3
28/12/16,02:30:00,9.929,5,1,3
28/12/16,03:00:00,10.929,5,1,3
28/12/16,03:30:00,12.899,5,1,3
28/12/16,04:00:00,12.542,5,1,3
28/12/16,04:30:00,14.026,5,1,3
28/12/16,05:00:00,14.640,5,1,3
28/12/16,05:30:00,15.381,5,1,3
28/12/16,06:00:00,15.380,5,1,3
28/12/16,06:30:00,14.797,5,1,3
28/12/16,07:00:00,15.414,5,1,3
28/12/16,07:30:00,16.052,5,1,3
28/12/16,08:00:00,16.446,5,1,3
28/12/16,08:30:00,16.091,5,1,3
28/12/16,09:00:00,15.544,5,1,3
28/12/16,09:30:00,17.737,5,1,3
28/12/16,10:00:00,17.833,5,1,3
28/12/16,10:30:00,18.801,5,1,3
28/12/16,11:00:00,19.930,5,1,3
28/12/16,11:30:00,20.577,5,1,3
28/12/16,12:00:00,22.190,5,1,3
28/12/16,12:30:00,24.124,5,1,3
28/12/16,13:00:00,23.801,5,1,3
28/12/16,13:30:00,22.705,5,1,3
28/12/16,14:00:00,21.513,5,1,3
28/12/16,14:30:00,21.514,5,1,3
28/12/16,15:00:00,20.963,5,1,3
28/12/16,15:30:00,19.640,5,1,3
28/12/16,16:00:00,19.060,5,1,3
28/12/16,16:30:00,19.124,5,1,3
28/12/16,17:00:00,17.899,5,1,3
28/12/16,17:30:00,17.961,5,1,3
28/12/16,18:00:00,17.961,5,1,3
28/12/16,18:30:00,18.187,5,1,3
28/12/16,19:00:00,17.521,5,1,3
28/12/16,19:30:00,16.962,5,1,3
28/12/16,20:00:00,17.255,5,1,3
28/12/16,20:30:00,17.092,5,1,3
28/12/16,21:00:00,17.640,5,1,3
28/12/16,21:30:00,17.126,5,1,3
28/12/16,22:00:00,16.061,5,1,3
28/12/16,22:30:00,16.801,5,1,3
28/12/16,23:00:00,19.123,5,1,3
28/12/16,23:30:00,19.253,5,1,3
29/12/16,00:00:00,19.121,5,1,3
29/12/16,00:30:00,19.028,5,1,3
29/12/16,01:00:00,18.899,5,1,3
29/12/16,01:30:00,18.609,5,1,3
29/12/16,02:00:00,18.641,5,1,3
29/12/16,02:30:00,19.191,5,1,3
29/12/16,03:00:00,18.674,5,1,3
29/12/16,03:30:00,18.284,5,1,3
29/12/16,04:00:00,18.284,5,1,3
29/12/16,04:30:00,18.220,5,1,3
29/12/16,05:00:00,18.512,5,1,3
29/12/16,05:30:00,19.494,5,1,3
29/12/16,06:00:00,19.382,5,1,3
29/12/16,06:30:00,19.027,5,1,3
29/12/16,07:00:00,19.447,5,1,3
29/12/16,07:30:00,19.545,5,1,3
29/12/16,08:00:00,19.545,5,1,3
29/12/16,08:30:00,19.511,5,1,3
29/12/16,09:00:00,19.480,5,1,3
29/12/16,09:30:00,19.703,5,1,3
29/12/16,10:00:00,20.350,5,1,3
29/12/16,10:30:00,20.414,5,1,3
29/12/16,11:00:00,20.057,5,1,3
29/12/16,11:30:00,20.352,5,1,3
29/12/16,12:00:00,19.736,5,1,3
29/12/16,12:30:00,19.705,5,1,3
29/12/16,13:00:00,19.318,5,1,3
29/12/16,13:30:00,19.382,5,1,3
29/12/16,14:00:00,19.316,5,1,3
29/12/16,14:30:00,19.414,5,1,3
29/12/16,15:00:00,19.186,5,1,3
29/12/16,15:30:00,19.122,5,1,3
29/12/16,16:00:00,19.574,5,1,3
29/12/16,16:30:00,19.414,5,1,3
29/12/16,17:00:00,19.457,5,1,3
29/12/16,17:30:00,19.445,5,1,3
29/12/16,18:00:00,18.865,5,1,3
29/12/16,18:30:00,18.898,5,1,3
29/12/16,19:00:00,19.093,5,1,3
29/12/16,19:30:00,18.865,5,1,3
29/12/16,20:00:00,19.320,5,1,3
29/12/16,20:30:00,19.030,5,1,3
29/12/16,21:00:00,18.933,5,1,3
29/12/16,21:30:00,18.449,5,1,3
29/12/16,22:00:00,18.159,5,1,3
29/12/16,22:30:00,18.127,5,1,3
29/12/16,23:00:00,18.062,5,1,3
29/12/16,23:30:00,17.676,5,1,3
30/12/16,00:00:00,18.125,5,1,3
30/12/16,00:30:00,18.027,5,1,3
30/12/16,01:00:00,17.995,5,1,3
30/12/16,01:30:00,17.801,5,1,3
30/12/16,02:00:00,17.929,5,1,3
30/12/16,02:30:00,17.705,5,1,3
30/12/16,03:00:00,17.929,5,1,3
30/12/16,03:30:00,17.835,5,1,3
30/12/16,04:00:00,17.443,5,1,3
30/12/16,04:30:00,17.476,5,1,3
30/12/16,05:00:00,18.025,5,1,3
30/12/16,05:30:00,18.309,5,1,3
30/12/16,06:00:00,18.963,5,1,3
30/12/16,06:30:00,19.527,5,1,3
30/12/16,07:00:00,19.089,5,1,3
30/12/16,07:30:00,19.476,5,1,3
30/12/16,08:00:00,19.188,5,1,3
30/12/16,08:30:00,19.254,5,1,3
30/12/16,09:00:00,19.576,5,1,3
30/12/16,09:30:00,20.187,5,1,3
30/12/16,10:00:00,20.867,5,1,3
30/12/16,10:30:00,21.640,5,1,3
30/12/16,11:00:00,22.091,5,1,3
30/12/16,11:30:00,22.576,5,1,3
30/12/16,12:00:00,24.126,5,1,3
30/12/16,12:30:00,25.899,5,1,3
30/12/16,13:00:00,25.769,5,1,3
30/12/16,13:30:00,25.253,5,1,3
30/12/16,14:00:00,24.349,5,1,3
30/12/16,14:30:00,24.029,5,1,3
30/12/16,15:00:00,24.219,5,1,3
30/12/16,15:30:00,22.544,5,1,3
30/12/16,16:00:00,22.156,5,1,3
30/12/16,16:30:00,21.446,5,1,3
30/12/16,17:00:00,21.034,5,1,3
30/12/16,17:30:00,20.961,5,1,3
30/12/16,18:00:00,20.897,5,1,3
30/12/16,18:30:00,20.897,5,1,3
30/12/16,19:00:00,20.512,5,1,3
30/12/16,19:30:00,20.576,5,1,3
30/12/16,20:00:00,20.932,5,1,3
30/12/16,20:30:00,20.384,5,1,3
30/12/16,21:00:00,20.352,5,1,3
30/12/16,21:30:00,20.029,5,1,3
30/12/16,22:00:00,19.675,5,1,3
30/12/16,22:30:00,19.478,5,1,3
30/12/16,23:00:00,19.350,5,1,3
30/12/16,23:30:00,19.157,5,1,3
31/12/16,00:00:00,18.897,5,1,3
31/12/16,00:30:00,19.060,5,1,3
31/12/16,01:00:00,18.835,5,1,3
31/12/16,01:30:00,18.510,5,1,3
31/12/16,02:00:00,18.477,5,1,3
31/12/16,02:30:00,18.899,5,1,3
31/12/16,03:00:00,18.641,5,1,3
31/12/16,03:30:00,17.964,5,1,3
31/12/16,04:00:00,17.799,5,1,3
31/12/16,04:30:00,17.666,5,1,3
31/12/16,05:00:00,18.027,5,1,3
31/12/16,05:30:00,17.772,5,1,3
31/12/16,06:00:00,17.447,5,1,3
31/12/16,06:30:00,17.415,5,1,3
31/12/16,07:00:00,17.255,5,1,3
31/12/16,07:30:00,17.254,5,1,3
31/12/16,08:00:00,17.060,5,1,3
31/12/16,08:30:00,17.059,5,1,3
31/12/16,09:00:00,17.155,5,1,3
31/12/16,09:30:00,17.767,5,1,3
31/12/16,10:00:00,18.736,5,1,3
31/12/16,10:30:00,18.607,5,1,3
31/12/16,11:00:00,18.768,5,1,3
31/12/16,11:30:00,19.313,5,1,3
31/12/16,12:00:00,20.962,5,1,3
31/12/16,12:30:00,22.705,5,1,3
31/12/16,13:00:00,22.574,5,1,3
31/12/16,13:30:00,21.993,5,1,3
31/12/16,14:00:00,20.412,5,1,3
31/12/16,14:30:00,20.318,5,1,3
31/12/16,15:00:00,19.832,5,1,3
31/12/16,15:30:00,19.382,5,1,3
31/12/16,16:00:00,18.524,5,1,3
31/12/16,16:30:00,18.607,5,1,3
31/12/16,17:00:00,18.453,5,1,3
31/12/16,17:30:00,18.383,5,1,3
31/12/16,18:00:00,17.740,5,1,3
31/12/16,18:30:00,17.576,5,1,3
31/12/16,19:00:00,17.512,5,1,3
31/12/16,19:30:00,17.448,5,1,3
31/12/16,20:00:00,17.578,5,1,3
31/12/16,20:30:00,17.125,5,1,3
31/12/16,21:00:00,17.092,5,1,3
31/12/16,21:30:00,16.898,5,1,3
31/12/16,22:00:00,16.802,5,1,3
31/12/16,22:30:00,16.642,5,1,3
31/12/16,23:00:00,16.674,5,1,3
31/12/16,23:30:00,16.578,5,1,3